id,birthday,hobby,personality,styles,colors,sum,score,distance
admiral,0.0,0.0,0.0,0.0,0.0,0.0,5.0,0.0
agents,0.8547945205479452,1.0,1.0,1.0,0.0,3.8547945205479452,1.1452054794520548,1.9314951908712565
agnes,0.4602739726027397,1.0,1.0,1.0,1.0,4.46027397260274,0.5397260273972604,2.0522797396689145
al,0.5534246575342465,1.0,1.0,1.0,1.0,4.553424657534246,0.4465753424657537,2.075157548613333
alfonso,0.7287671232876712,1.0,1.0,1.0,0.5,4.228767123287671,0.7712328767123289,1.9445054692607548
alice,0.8821917808219178,1.0,1.0,1.0,1.0,4.882191780821918,0.11780821917808204,2.1859236807696982
alli,0.4383561643835616,1.0,1.0,1.0,1.0,4.438356164383562,0.5616438356164384,2.047475549757083
amelia,0.3780821917808219,1.0,1.0,0.5,0.5,3.378082191780822,1.621917808219178,1.6257140411959878
anabelle,0.1095890410958904,1.0,1.0,1.0,0.5,3.6095890410958904,1.3904109589041096,1.8061034737601045
anchovy,0.19726027397260273,1.0,1.0,1.0,1.0,4.197260273972603,0.8027397260273972,2.009704360269875
angus,0.5095890410958904,1.0,0.0,0.0,0.5,2.0095890410958903,2.9904109589041097,1.2286907628874846
anicotti,0.15342465753424658,1.0,1.0,1.0,1.0,4.153424657534247,0.8465753424657532,2.0058761491028054
ankha,0.6958904109589041,0.0,1.0,1.0,1.0,3.695890410958904,1.3041095890410959,1.8666181891497127
annalisa,0.0547945205479452,0.0,1.0,1.0,1.0,3.0547945205479454,1.9452054794520546,1.7329173204403259
annalise,0.30684931506849317,1.0,1.0,1.0,0.5,3.8068493150684932,1.1931506849315068,1.8287035030747885
antonio,0.5424657534246575,1.0,1.0,1.0,0.5,4.042465753424658,0.9575342465753423,1.8826229292236354
apollo,0.8657534246575342,1.0,0.0,0.5,0.5,2.8657534246575342,2.1342465753424658,1.4998429892179543
apple,0.684931506849315,1.0,1.0,1.0,1.0,4.684931506849315,0.31506849315068486,2.114031969738129
astrid,0.7726027397260274,1.0,1.0,0.5,0.5,3.7726027397260276,1.2273972602739724,1.7598053851014785
audie,0.8164383561643835,1.0,1.0,1.0,1.0,4.816438356164383,0.1835616438356169,2.1602248932498673
aurora,0.0,1.0,1.0,1.0,1.0,4.0,1.0,2.0
ava,0.4986301369863014,1.0,1.0,1.0,1.0,4.498630136986302,0.5013698630136982,2.0612210006476688
avery,0.14246575342465753,1.0,0.0,1.0,1.0,3.1424657534246574,1.8575342465753426,1.7379000232748876
axel,0.3013698630136986,1.0,1.0,1.0,1.0,4.301369863013699,0.698630136986301,2.022578501401836
baabara,0.3287671232876712,1.0,1.0,1.0,0.5,3.828767123287671,1.1712328767123288,1.832508614264842
bam,0.4438356164383562,1.0,1.0,1.0,1.0,4.443835616438356,0.5561643835616437,2.0486556700478524
bangle,0.8383561643835616,1.0,1.0,1.0,1.0,4.838356164383562,0.16164383561643803,2.16860348112787
barold,0.1863013698630137,1.0,1.0,0.5,0.5,3.186301369863014,1.8136986301369862,1.592076694262194
bea,0.5698630136986301,0.0,1.0,0.5,1.0,3.06986301369863,1.93013698630137,1.6046008395802631
beardo,0.6684931506849315,1.0,1.0,1.0,0.5,4.168493150684931,0.831506849315069,1.9227280339436117
beau,0.3726027397260274,0.0,1.0,1.0,1.0,3.3726027397260276,1.6273972602739724,1.7716751399879556
becky,0.2684931506849315,1.0,1.0,1.0,1.0,4.2684931506849315,0.7315068493150685,2.0179416671362733
bella,0.1643835616438356,1.0,1.0,0.5,0.5,3.1643835616438354,1.8356164383561646,1.5896609560968378
benedict,0.5972602739726027,1.0,1.0,1.0,0.5,4.097260273972603,0.9027397260273968,1.899136602476459
benjamin,0.9698630136986301,0.0,1.0,1.0,1.0,3.96986301369863,1.03013698630137,1.985103086829646
bertha,0.4821917808219178,1.0,1.0,1.0,1.0,4.482191780821918,0.5178082191780824,2.0573062274470013
bettina,0.7452054794520548,1.0,1.0,1.0,1.0,4.745205479452055,0.2547945205479447,2.1343221890345814
bianca,0.2465753424657534,1.0,1.0,1.0,1.0,4.2465753424657535,0.7534246575342465,2.0151425258557034
biff,0.33424657534246577,1.0,1.0,1.0,0.0,3.3342465753424655,1.6657534246575345,1.7640070218477495
bigtop,0.6356164383561644,1.0,1.0,1.0,1.0,4.635616438356164,0.36438356164383556,2.0985729095527215
bill,0.0273972602739726,1.0,1.0,1.0,0.5,3.5273972602739727,1.4726027397260273,1.8029838074343651
billy,0.31232876712328766,1.0,1.0,1.0,0.5,3.8123287671232875,1.1876712328767125,1.829630907798825
biskit,0.5808219178082191,1.0,1.0,1.0,1.0,4.580821917808219,0.419178082191781,2.082631532510352
bitty,0.6191780821917808,1.0,1.0,1.0,1.0,4.61917808219178,0.3808219178082197,2.093652668774525
blaire,0.8602739726027397,1.0,1.0,1.0,1.0,4.86027397260274,0.13972602739726003,2.1771704820564004
blanche,0.20273972602739726,0.0,1.0,1.0,0.5,2.7027397260273975,2.2972602739726025,1.5136391236056446
bluebear,0.810958904109589,1.0,1.0,1.0,0.5,4.310958904109589,0.6890410958904107,1.9767787797714305
bob,0.14246575342465753,1.0,1.0,1.0,1.0,4.142465753424657,0.8575342465753426,2.005067702323005
bonbon,0.1917808219178082,1.0,1.0,1.0,1.0,4.191780821917808,0.8082191780821919,2.0091739306629153
bones,0.9643835616438357,1.0,1.0,1.0,1.0,4.964383561643835,0.03561643835616479,2.2203683599729236
boomer,0.06027397260273973,1.0,1.0,0.5,1.0,3.5602739726027397,1.4397260273972603,1.8037829558384555
boone,0.7506849315068493,1.0,1.0,0.5,1.0,4.250684931506849,0.7493150684931509,1.9528256108499404
boots,0.947945205479452,1.0,1.0,1.0,1.0,4.947945205479452,0.052054794520548064,2.213278137196381
boris,0.44931506849315067,0.0,0.0,0.5,0.5,1.4493150684931506,3.5506849315068494,0.8377851936952603
boyd,0.6465753424657534,1.0,0.0,0.5,0.5,2.6465753424657534,2.3534246575342466,1.3849403140513696
bree,0.8821917808219178,1.0,1.0,1.0,0.0,3.882191780821918,1.117808219178082,1.9437752797455128
broccolo,0.8438356164383561,1.0,1.0,1.0,1.0,4.843835616438357,0.1561643835616433,2.170727653937707
broffina,0.5205479452054794,1.0,1.0,1.0,0.5,4.020547945205479,0.9794520547945211,1.8764248354937234
bruce,0.6520547945205479,0.0,0.0,0.5,0.5,1.652054794520548,3.3479452054794523,0.9618604134993985
bubbles,0.7178082191780822,1.0,1.0,1.0,1.0,4.717808219178082,0.2821917808219183,2.124911442747582
buck,0.36712328767123287,1.0,1.0,1.0,1.0,4.367123287671233,0.6328767123287671,2.033415724427874
bud,0.9424657534246575,1.0,1.0,1.0,1.0,4.942465753424658,0.057534246575341896,2.210936836813369
bunnie,0.5589041095890411,1.0,1.0,1.0,1.0,4.558904109589041,0.441095890410959,2.076625581012504
butch,0.4767123287671233,1.0,0.0,0.5,0.5,2.4767123287671233,2.5232876712328767,1.3142506018254563
buzz,0.27945205479452057,0.0,0.0,1.0,1.0,2.2794520547945205,2.7205479452054795,1.441559381686679
cally,0.7945205479452054,0.0,1.0,1.0,1.0,3.7945205479452055,1.2054794520547945,1.9055872850927478
camofrog,0.7068493150684931,1.0,0.0,0.5,0.5,2.706849315068493,2.293150684931507,1.414084846893141
canberra,0.5863013698630137,1.0,1.0,0.5,1.0,4.086301369863014,0.9136986301369863,1.8957186754113193
candi,0.41643835616438357,1.0,1.0,1.0,1.0,4.416438356164384,0.5835616438356164,2.0428952260174515
carmen,0.11506849315068493,1.0,1.0,1.0,1.0,4.115068493150685,0.8849315068493153,2.00330745471482
caroline,0.9260273972602739,1.0,1.0,1.0,1.0,4.926027397260274,0.07397260273972606,2.203979750468828
carrie,0.29041095890410956,0.0,1.0,1.0,1.0,3.2904109589041095,1.7095890410958905,1.7562284945449451
cashmere,0.3561643835616438,1.0,1.0,1.0,1.0,4.356164383561644,0.6438356164383556,2.031465743771685
celia,0.31232876712328766,0.0,1.0,1.0,1.0,3.3123287671232875,1.6876712328767125,1.7599855848195896
cesar,0.7835616438356164,1.0,0.0,0.5,0.5,2.7835616438356166,2.2164383561643834,1.453949397224805
chadder,0.2356164383561644,1.0,1.0,1.0,0.5,3.735616438356164,1.264383561643836,1.8181075617310556
charlise,0.4383561643835616,1.0,1.0,1.0,1.0,4.438356164383562,0.5616438356164384,2.047475549757083
cheri,0.2684931506849315,1.0,1.0,1.0,1.0,4.2684931506849315,0.7315068493150685,2.0179416671362733
cherry,0.5698630136986301,1.0,1.0,0.5,0.5,3.56986301369863,1.43013698630137,1.6806974309439773
chester,0.9534246575342465,1.0,1.0,1.0,1.0,4.953424657534247,0.046575342465753344,2.215630514682964
chevre,0.20821917808219179,1.0,1.0,1.0,1.0,4.208219178082192,0.7917808219178077,2.010809594695933
chief,0.2136986301369863,1.0,0.0,0.5,1.0,2.713698630136986,2.286301369863014,1.5151459020577605
chops,0.5808219178082191,1.0,1.0,1.0,1.0,4.580821917808219,0.419178082191781,2.082631532510352
chow,0.9643835616438357,1.0,0.0,0.5,0.5,2.9643835616438357,2.0356164383561643,1.558857162785882
chrissy,0.8328767123287671,1.0,1.0,1.0,1.0,4.832876712328767,0.16712328767123275,2.1664910842049583
claude,0.3013698630136986,0.0,1.0,1.0,0.5,2.8013698630136985,2.1986301369863015,1.5299750959845377
claudia,0.36164383561643837,1.0,1.0,1.0,1.0,4.361643835616438,0.6383561643835618,2.032433581655098
clay,0.547945205479452,0.0,1.0,1.0,1.0,3.547945205479452,1.452054794520548,1.8166573557520194
cleo,0.07123287671232877,1.0,1.0,1.0,1.0,4.071232876712329,0.9287671232876713,2.001268128643614
clyde,0.5150684931506849,1.0,1.0,1.0,1.0,4.515068493150685,0.48493150684931496,2.0652591974462955
coach,0.5041095890410959,1.0,1.0,1.0,0.5,4.0041095890410965,0.9958904109589035,1.8719312160875952
cobb,0.6136986301369863,1.0,1.0,1.0,0.5,4.1136986301369864,0.8863013698630136,1.9043702393788908
coco,0.18082191780821918,1.0,1.0,1.0,1.0,4.180821917808219,0.8191780821917813,2.0081575052669156
cole,0.9315068493150684,0.0,1.0,1.0,1.0,3.9315068493150687,1.0684931506849313,1.9666481663787465
colton,0.6301369863013698,0.0,1.0,1.0,0.5,3.1301369863013697,1.8698630136986303,1.626982674002699
cookie,0.7780821917808219,1.0,1.0,1.0,1.0,4.778082191780822,0.22191780821917817,2.146022343119113
cousteau,0.22465753424657534,1.0,1.0,1.0,1.0,4.2246575342465755,0.7753424657534245,2.012578199149974
cranston,0.6904109589041096,0.0,1.0,0.5,1.0,3.19041095890411,1.8095890410958901,1.6512623329365
croque,0.9424657534246575,0.0,0.0,0.5,1.0,2.4424657534246577,2.5575342465753423,1.462272784530406
cube,0.010958904109589041,1.0,1.0,1.0,1.0,4.010958904109589,0.9890410958904106,2.000030024169458
curlos,0.5534246575342465,0.0,1.0,1.0,1.0,3.5534246575342463,1.4465753424657537,1.818317588202594
curly,0.9863013698630136,1.0,1.0,1.0,1.0,4.986301369863014,0.013698630136985912,2.2299754241232472
curt,0.8493150684931506,0.0,0.0,0.0,0.5,1.3493150684931505,3.6506849315068495,0.9855638414478918
cyd,0.7287671232876712,1.0,0.0,0.5,0.5,2.728767123287671,2.271232876712329,1.4251671901868173
cyrano,0.22465753424657534,1.0,0.0,0.5,1.0,2.7246575342465755,2.2753424657534245,1.516730367499033
daisy,0.39452054794520547,1.0,1.0,1.0,0.5,3.8945205479452056,1.1054794520547944,1.8454393684840977
deena,0.8273972602739726,1.0,1.0,1.0,0.5,4.3273972602739725,0.6726027397260275,1.9835791454612735
deirdre,0.5315068493150685,1.0,1.0,1.0,1.0,4.531506849315068,0.4684931506849317,2.069420095309029
del,0.6575342465753424,1.0,0.0,0.5,0.5,2.6575342465753424,2.3424657534246576,1.3900903874998212
deli,0.6410958904109589,0.0,1.0,1.0,1.0,3.641095890410959,1.3589041095890408,1.84689034344268
derwin,0.6465753424657534,1.0,1.0,1.0,1.0,4.646575342465754,0.3534246575342461,2.101918093904876
diana,0.12602739726027398,1.0,1.0,1.0,1.0,4.126027397260274,0.8739726027397259,2.0039667923546536
diva,0.6410958904109589,1.0,1.0,1.0,1.0,4.641095890410959,0.35890410958904084,2.1002390198979306
dizzy,0.9205479452054794,1.0,1.0,1.0,0.5,4.420547945205479,0.5794520547945208,2.024205651464799
dobie,0.11506849315068493,0.0,0.0,0.5,1.0,1.615068493150685,3.3849315068493153,1.123939837409445
doc,0.26301369863013696,1.0,1.0,1.0,1.0,4.263013698630137,0.7369863013698632,2.0172199200055267
dom,0.273972602739726,1.0,1.0,1.0,1.0,4.273972602739726,0.7260273972602738,2.018678029565879
dora,0.12054794520547946,1.0,1.0,1.0,0.5,3.6205479452054794,1.3794520547945206,1.8068015405941138
dotty,0.25205479452054796,1.0,1.0,1.0,0.0,3.2520547945205482,1.7479452054794518,1.7502947235939426
drago,0.08767123287671233,0.0,1.0,1.0,1.0,3.0876712328767124,1.9123287671232876,1.7342682160133485
drake,0.8164383561643835,1.0,1.0,0.5,1.0,4.316438356164383,0.6835616438356169,1.9790329935138526
drift,0.6027397260273972,1.0,1.0,1.0,1.0,4.602739726027397,0.397260273972603,2.0888502046177417
ed,0.7287671232876712,0.0,1.0,1.0,0.5,3.228767123287671,1.7712328767123289,1.6676634912310662
egbert,0.5753424657534246,1.0,1.0,1.0,1.0,4.575342465753424,0.4246575342465757,2.0811100290227884
elise,0.29041095890410956,1.0,1.0,1.0,1.0,4.2904109589041095,0.7095890410958905,2.0209746473055037
ellie,0.5753424657534246,0.0,1.0,1.0,1.0,3.5753424657534247,1.4246575342465753,1.8251079291097365
elmer,0.6246575342465753,1.0,1.0,0.5,0.5,3.6246575342465754,1.3753424657534246,1.7000579505096323
eloise,0.273972602739726,1.0,1.0,1.0,1.0,4.273972602739726,0.7260273972602738,2.018678029565879
elvis,0.9698630136986301,1.0,0.0,1.0,0.5,3.46986301369863,1.53013698630137,1.7862346613310887
erik,0.9917808219178083,0.0,1.0,1.0,1.0,3.9917808219178084,1.0082191780821916,1.9959031035408414
eugene,0.5095890410958904,1.0,1.0,0.5,0.5,3.5095890410958903,1.4904109589041097,1.6612287593239616
eunice,0.36164383561643837,1.0,1.0,1.0,1.0,4.361643835616438,0.6383561643835618,2.032433581655098
fang,0.2191780821917808,1.0,0.0,0.5,1.0,2.719178082191781,2.280821917808219,1.5159284388496927
fauna,0.3178082191780822,0.0,1.0,1.0,1.0,3.317808219178082,1.6821917808219178,1.7609662302773281
felicity,0.33972602739726027,1.0,1.0,1.0,1.0,4.33972602739726,0.6602739726027398,2.028648262684077
filbert,0.6958904109589041,0.0,1.0,1.0,0.5,3.195890410958904,1.8041095890410959,1.6535608437745957
flip,0.36712328767123287,1.0,1.0,1.0,0.5,3.867123287671233,1.132876712328767,1.8397770268025784
flo,0.8054794520547945,1.0,1.0,0.5,1.0,4.3054794520547945,0.6945205479452055,1.9745371983537034
flora,0.07123287671232877,1.0,1.0,1.0,1.0,4.071232876712329,0.9287671232876713,2.001268128643614
flurry,0.01643835616438356,0.0,1.0,1.0,1.0,3.0164383561643833,1.9835616438356167,1.732128811478346
francine,0.0273972602739726,1.0,1.0,1.0,0.0,3.0273972602739727,1.9726027397260273,1.7322674764223105
frank,0.9917808219178083,1.0,0.0,0.5,1.0,3.4917808219178084,1.5082191780821916,1.7982294621999617
freckles,0.12602739726027398,1.0,1.0,1.0,1.0,4.126027397260274,0.8739726027397259,2.0039667923546536
freya,0.2410958904109589,1.0,1.0,0.5,0.5,3.241095890410959,1.7589041095890412,1.5994146517939158
friga,0.5643835616438356,1.0,1.0,1.0,0.5,4.064383561643836,0.9356164383561643,1.889055003077936
frita,0.9315068493150684,1.0,1.0,1.0,1.0,4.931506849315069,0.06849315068493134,2.206287608250766
frobert,0.06575342465753424,1.0,1.0,1.0,0.5,3.565753424657534,1.434246575342466,1.8039743659082836
fuchsia,0.7123287671232876,1.0,1.0,0.0,1.0,3.712328767123288,1.2876712328767121,1.8728086587986992
gabi,0.23013698630136986,1.0,1.0,1.0,1.0,4.230136986301369,0.7698630136986306,2.0131972164852296
gala,0.20273972602739726,1.0,1.0,1.0,1.0,4.2027397260273975,0.7972602739726025,2.0102495856260396
gaston,0.4986301369863014,1.0,0.0,1.0,1.0,3.4986301369863013,1.5013698630136987,1.802396186611306
gayle,0.6027397260273972,0.0,1.0,1.0,1.0,3.602739726027397,1.397260273972603,1.8339288910237446
genji,0.03287671232876712,1.0,1.0,1.0,1.0,4.032876712328767,0.9671232876712326,2.000270201301201
gigi,0.9260273972602739,1.0,1.0,1.0,0.5,4.426027397260274,0.5739726027397261,2.0267034169993
gladys,0.06575342465753424,1.0,1.0,1.0,1.0,4.065753424657534,0.934246575342466,2.001080586296862
gloria,0.9205479452054794,1.0,1.0,1.0,0.5,4.420547945205479,0.5794520547945208,2.024205651464799
goldie,0.16986301369863013,0.0,1.0,1.0,1.0,3.16986301369863,1.83013698630137,1.7403601476196762
gonzo,0.5808219178082191,0.0,0.0,0.5,0.5,1.580821917808219,3.419178082191781,0.9150705438415213
goose,0.6301369863013698,1.0,1.0,1.0,0.5,4.13013698630137,0.8698630136986303,1.9097310338120843
graham,0.7890410958904109,1.0,1.0,0.5,1.0,4.289041095890411,0.7109589041095887,1.9678886785090108
greta,0.7890410958904109,1.0,1.0,1.0,1.0,4.789041095890411,0.21095890410958873,2.1500199652570533
grizzly,0.9863013698630136,1.0,0.0,0.5,0.5,2.9863013698630136,2.0136986301369864,1.5725108559859475
groucho,0.5260273972602739,1.0,0.0,0.5,0.5,2.526027397260274,2.473972602739726,1.3329309144394612
gruff,0.8273972602739726,1.0,0.0,0.5,0.5,2.8273972602739725,2.1726027397260275,1.4780345822438918
gwen,0.021917808219178082,1.0,1.0,1.0,1.0,4.021917808219178,0.978082191780822,2.0001200939736425
hamlet,0.673972602739726,1.0,1.0,1.0,0.5,4.173972602739726,0.8260273972602743,1.9246399843201223
hamphrey,0.1589041095890411,0.0,0.0,0.5,1.0,1.658904109589041,3.341095890410959,1.129269903984112
hans,0.29041095890410956,1.0,1.0,1.0,0.5,3.7904109589041095,1.2095890410958905,1.8260171206896185
harry,0.1095890410958904,1.0,0.0,0.5,1.0,2.6095890410958904,2.3904109589041096,1.5039979248417588
hazel,0.821917808219178,1.0,1.0,1.0,1.0,4.821917808219178,0.17808219178082219,2.1623017558767827
henry,0.7013698630136986,1.0,1.0,0.5,0.5,3.7013698630136984,1.2986301369863016,1.7297166486866726
hippeux,0.5698630136986301,1.0,1.0,1.0,1.0,4.56986301369863,0.4301369863013704,2.079601849965922
hopkins,0.2356164383561644,0.0,1.0,1.0,0.5,2.735616438356164,2.264383561643836,1.518392276726816
hopper,0.3780821917808219,1.0,0.0,0.5,1.0,2.878082191780822,2.121917808219178,1.5469150408932582
hornsby,0.28493150684931506,0.0,1.0,1.0,1.0,3.284931506849315,1.7150684931506852,1.7553307276964707
huck,0.8931506849315068,1.0,1.0,0.5,1.0,4.393150684931507,0.6068493150684926,2.011894168686221
hugh,0.15342465753424658,1.0,1.0,1.0,1.0,4.153424657534247,0.8465753424657532,2.0058761491028054
iggly,0.4712328767123288,1.0,1.0,1.0,0.5,3.971232876712329,1.028767123287671,1.8633465657506059
ike,0.5972602739726027,0.0,0.0,0.0,0.5,1.0972602739726027,3.9027397260273973,0.7789222264551375
jacob,0.8547945205479452,0.0,1.0,1.0,1.0,3.8547945205479452,1.1452054794520548,1.9314951908712565
jacques,0.8,1.0,1.0,0.5,0.5,3.8,1.2000000000000002,1.772004514666935
jambette,0.5041095890410959,1.0,1.0,0.0,1.0,3.504109589041096,1.495890410958904,1.803919753692825
jay,0.936986301369863,1.0,1.0,1.0,0.5,4.436986301369863,0.5630136986301366,2.031734069447765
jeremiah,0.8876712328767123,1.0,1.0,1.0,1.0,4.887671232876713,0.11232876712328732,2.188140813036689
jitters,0.03287671232876712,1.0,1.0,1.0,1.0,4.032876712328767,0.9671232876712326,2.000270201301201
joey,0.13150684931506848,1.0,1.0,1.0,0.5,3.6315068493150684,1.3684931506849316,1.807565780661046
judy,0.23013698630136986,1.0,1.0,1.0,1.0,4.230136986301369,0.7698630136986306,2.0131972164852296
julia,0.9863013698630136,1.0,1.0,1.0,1.0,4.986301369863014,0.013698630136985912,2.2299754241232472
julian,0.25753424657534246,1.0,1.0,0.5,0.5,3.2575342465753425,1.7424657534246575,1.601974996109218
june,0.6246575342465753,0.0,1.0,1.0,1.0,3.6246575342465754,1.3753424657534246,1.8412487705606246
kabuki,0.3232876712328767,1.0,0.0,1.0,1.0,3.323287671232877,1.676712328767123,1.7619633703261757
katt,0.4931506849315068,1.0,1.0,0.0,0.5,2.993150684931507,2.006849315068493,1.5789862564469692
keaton,0.684931506849315,1.0,1.0,0.5,0.5,3.684931506849315,1.3150684931506849,1.7231167021054823
ken,0.1917808219178082,1.0,1.0,0.5,0.5,3.191780821917808,1.808219178082192,1.5927271843148374
ketchup,0.9917808219178083,1.0,1.0,1.0,1.0,4.991780821917809,0.008219178082191192,2.2324043537683678
kevin,0.4876712328767123,1.0,1.0,1.0,0.5,3.9876712328767123,1.0123287671232877,1.8675714795893337
kidcat,0.9808219178082191,1.0,1.0,1.0,1.0,4.980821917808219,0.019178082191780632,2.227557324616584
kidd,0.8328767123287671,1.0,1.0,0.5,1.0,4.332876712328767,0.6671232876712327,1.9858709973056095
kiki,0.6082191780821918,1.0,1.0,1.0,1.0,4.608219178082192,0.3917808219178083,2.090437889196179
kitt,0.5917808219178082,1.0,1.0,1.0,1.0,4.5917808219178085,0.40821917808219155,2.085714395882072
kitty,0.10410958904109589,1.0,1.0,1.0,1.0,4.104109589041096,0.8958904109589039,2.0027078684946304
klaus,0.3452054794520548,1.0,1.0,1.0,1.0,4.345205479452055,0.6547945205479451,2.0295730642289582
knox,0.3561643835616438,1.0,0.0,1.0,1.0,3.356164383561644,1.643835616438356,1.7682910021028342
kody,0.663013698630137,1.0,1.0,1.0,1.0,4.663013698630137,0.33698630136986285,2.1070327867812626
kyle,0.28493150684931506,1.0,1.0,0.5,0.5,3.284931506849315,1.7150684931506852,1.606606972347444
leonardo,0.5917808219178082,1.0,1.0,1.0,0.5,4.0917808219178085,0.9082191780821915,1.8974204966716568
leopold,0.9095890410958904,1.0,1.0,1.0,1.0,4.909589041095891,0.09041095890410933,2.197123625033817
lily,0.043835616438356165,1.0,1.0,1.0,1.0,4.043835616438356,0.956164383561644,2.000480332637272
limberg,0.5589041095890411,1.0,0.0,0.5,0.5,2.558904109589041,2.441095890410959,1.3462443328443463
lionel,0.9972602739726028,1.0,1.0,1.0,1.0,4.997260273972603,0.00273972602739736,2.2348440782398917
lobo,0.4547945205479452,1.0,0.0,0.5,0.5,2.4547945205479453,2.5452054794520547,1.306460124121833
lolly,0.3232876712328767,1.0,1.0,1.0,1.0,4.323287671232877,0.6767123287671231,2.025960245999703
lopez,0.8767123287671232,1.0,1.0,1.0,1.0,4.876712328767123,0.12328767123287676,2.183718046683745
louie,0.3178082191780822,1.0,1.0,1.0,1.0,4.317808219178082,0.6821917808219178,2.025093100125805
lucha,0.25205479452054796,1.0,1.0,0.5,0.5,3.2520547945205482,1.7479452054794518,1.601103250712082
lucky,0.4602739726027397,1.0,1.0,1.0,1.0,4.46027397260274,0.5397260273972604,2.0522797396689145
lucy,0.6904109589041096,1.0,1.0,1.0,1.0,4.69041095890411,0.30958904109589014,2.1158136241585392
lyman,0.5863013698630137,1.0,1.0,1.0,1.0,4.586301369863014,0.41369863013698627,2.0841663312469203
mac,0.42191780821917807,1.0,1.0,0.5,0.5,3.4219178082191783,1.5780821917808217,1.6364640652615856
maddie,0.08767123287671233,1.0,1.0,1.0,1.0,4.087671232876712,0.912328767123288,2.001920639054936
maelle,0.38904109589041097,1.0,1.0,0.5,1.0,3.889041095890411,1.110958904109589,1.8442757316333185
maggie,0.8,0.0,1.0,1.0,1.0,3.8,1.2000000000000002,1.9078784028338913
mallary,0.38904109589041097,1.0,1.0,0.5,0.5,3.389041095890411,1.610958904109589,1.6282975693317274
maple,0.7616438356164383,1.0,1.0,1.0,1.0,4.761643835616439,0.23835616438356144,2.140117130517047
marcel,0.14794520547945206,1.0,1.0,0.5,0.5,3.147945205479452,1.8520547945205479,1.5880452713396922
marcie,0.6794520547945205,0.0,1.0,1.0,1.0,3.6794520547945204,1.3205479452054796,1.8605523628117797
margie,0.005479452054794521,1.0,1.0,1.0,1.0,4.005479452054795,0.9945205479452053,2.00000750608462
marina,0.821917808219178,1.0,1.0,1.0,1.0,4.821917808219178,0.17808219178082219,2.1623017558767827
marshal,0.6575342465753424,1.0,1.0,0.5,0.5,3.6575342465753424,1.3424657534246576,1.7124109569316015
mathilda,0.41643835616438357,1.0,1.0,0.5,1.0,3.9164383561643836,1.0835616438356164,1.850248876363635
megan,0.2465753424657534,0.0,1.0,1.0,1.0,3.2465753424657535,1.7534246575342465,1.7495140466747054
melba,0.410958904109589,1.0,1.0,1.0,1.0,4.410958904109589,0.5890410958904111,2.041785302343749
merengue,0.27945205479452057,0.0,1.0,1.0,1.0,3.2794520547945205,1.7205479452054795,1.7544496148162476
merry,0.8383561643835616,1.0,1.0,1.0,1.0,4.838356164383562,0.16164383561643803,2.16860348112787
midge,0.2410958904109589,1.0,1.0,1.0,1.0,4.241095890410959,0.7589041095890412,2.0144793938814693
mint,0.5205479452054794,1.0,1.0,1.0,1.0,4.520547945205479,0.47945205479452113,2.0666325660982037
mira,0.8767123287671232,1.0,1.0,0.5,1.0,4.376712328767123,0.6232876712328768,2.004650719554973
miranda,0.4712328767123288,1.0,1.0,1.0,0.5,3.971232876712329,1.028767123287671,1.8633465657506059
mitzi,0.6794520547945205,1.0,1.0,1.0,1.0,4.67945205479452,0.3205479452054796,2.1122630268895244
moe,0.0821917808219178,1.0,1.0,1.0,0.5,3.5821917808219177,1.4178082191780823,1.8046483005934086
molly,0.2136986301369863,0.0,1.0,1.0,1.0,3.213698630136986,1.786301369863014,1.7451839744056856
monique,0.6520547945205479,1.0,1.0,1.0,1.0,4.652054794520548,0.3479452054794523,2.103610100531283
monty,0.27945205479452057,1.0,0.0,0.0,1.0,2.2794520547945205,2.7205479452054795,1.441559381686679
moose,0.7452054794520548,1.0,1.0,0.5,1.0,4.245205479452055,0.7547945205479447,1.9507258153326845
mott,0.8986301369863013,1.0,1.0,1.0,0.5,4.398630136986301,0.6013698630136988,2.0143326743862393
muffy,0.09863013698630137,1.0,1.0,1.0,0.5,3.5986301369863014,1.4013698630136986,1.805471656914596
murphy,0.1589041095890411,1.0,0.0,0.5,0.5,2.158904109589041,2.841095890410959,1.2350103303390971
,0.8547945205479452,0.0,1.0,1.0,1.0,3.8547945205479452,1.1452054794520548,1.9314951908712565
nana,0.8602739726027397,1.0,1.0,1.0,1.0,4.86027397260274,0.13972602739726003,2.1771704820564004
naomi,0.17534246575342466,1.0,1.0,1.0,1.0,4.175342465753425,0.8246575342465752,2.007671531973418
nate,0.8986301369863013,1.0,1.0,1.0,1.0,4.898630136986301,0.10136986301369877,2.1926094324115315
nibbles,0.947945205479452,1.0,1.0,1.0,1.0,4.947945205479452,0.052054794520548064,2.213278137196381
norma,0.7068493150684931,0.0,1.0,1.0,1.0,3.706849315068493,1.2931506849315069,1.870731395527642
octavian,0.7068493150684931,1.0,0.0,0.5,0.5,2.706849315068493,2.293150684931507,1.414084846893141
ohare,0.9753424657534246,0.0,1.0,0.5,0.5,2.9753424657534246,2.0246575342465754,1.5656605396770944
olaf,0.6136986301369863,1.0,1.0,1.0,0.5,4.1136986301369864,0.8863013698630136,1.9043702393788908
olive,0.9095890410958904,0.0,1.0,1.0,1.0,3.9095890410958907,1.0904109589041093,1.9563619868730178
olivia,0.038356164383561646,1.0,1.0,0.5,0.5,3.0383561643835617,1.9616438356164383,1.581603994477195
opal,0.038356164383561646,1.0,1.0,0.5,0.5,3.0383561643835617,1.9616438356164383,1.581603994477195
ozzie,0.547945205479452,1.0,1.0,1.0,1.0,4.5479452054794525,0.45205479452054753,2.073702955634659
pancetti,0.4054794520547945,1.0,1.0,1.0,1.0,4.405479452054795,0.5945205479452049,2.0406894879032076
pango,0.4328767123287671,1.0,1.0,0.5,1.0,3.932876712328767,1.067123287671233,1.8540178661697309
paolo,0.536986301369863,0.0,1.0,1.0,1.0,3.536986301369863,1.463013698630137,1.813382002739325
papi,0.09315068493150686,0.0,1.0,1.0,1.0,3.0931506849315067,1.9068493150684933,1.7345538475651914
pashmina,0.17534246575342466,1.0,1.0,0.5,1.0,3.675342465753425,1.3246575342465752,1.811282689227855
pate,0.14794520547945206,1.0,1.0,1.0,1.0,4.147945205479452,0.8520547945205479,2.0054644808184356
patty,0.5643835616438356,1.0,1.0,1.0,1.0,4.564383561643836,0.43561643835616426,2.078107024350233
paula,0.2958904109589041,1.0,1.0,1.0,1.0,4.295890410958904,0.7041095890410958,2.02176930813024
peaches,0.3287671232876712,1.0,1.0,1.0,1.0,4.328767123287671,0.6712328767123292,2.02684183432128
peanut,0.7232876712328767,1.0,1.0,1.0,1.0,4.723287671232876,0.2767123287671236,2.126768688728861
pecan,0.7616438356164383,1.0,1.0,1.0,1.0,4.761643835616439,0.23835616438356144,2.140117130517047
peck,0.9808219178082191,1.0,1.0,1.0,1.0,4.980821917808219,0.019178082191780632,2.227557324616584
peewee,0.7561643835616438,1.0,0.0,0.5,0.5,2.756164383561644,2.243835616438356,1.439369506057135
peggy,0.6356164383561644,1.0,1.0,1.0,0.5,4.135616438356164,0.8643835616438356,1.9115460383439828
pekoe,0.6082191780821918,0.0,1.0,1.0,1.0,3.6082191780821917,1.3917808219178083,1.8357370641208335
penelope,0.049315068493150684,1.0,1.0,1.0,1.0,4.049315068493151,0.9506849315068493,2.0006079016090292
phil,0.33424657534246577,1.0,1.0,0.5,1.0,3.8342465753424655,1.1657534246575345,1.8334995972533419
phoebe,0.4657534246575342,1.0,1.0,0.5,0.5,3.4657534246575343,1.5342465753424657,1.6483101202687016
pierce,0.10410958904109589,1.0,1.0,1.0,1.0,4.104109589041096,0.8958904109589039,2.0027078684946304
pietro,0.44931506849315067,1.0,1.0,1.0,1.0,4.449315068493151,0.5506849315068489,2.0498497580981403
pinky,0.7671232876712328,1.0,1.0,1.0,1.0,4.767123287671232,0.2328767123287676,2.1420733270566443
piper,0.4438356164383562,1.0,1.0,1.0,0.5,3.9438356164383563,1.0561643835616437,1.8566071351848283
pippy,0.7561643835616438,1.0,1.0,1.0,1.0,4.756164383561644,0.24383561643835616,2.1381731863829834
plucky,0.5863013698630137,1.0,1.0,0.5,1.0,4.086301369863014,0.9136986301369863,1.8957186754113193
pompom,0.0821917808219178,1.0,1.0,1.0,1.0,4.082191780821917,0.9178082191780828,2.0016881597378444
poncho,0.136986301369863,1.0,1.0,1.0,1.0,4.136986301369863,0.8630136986301373,2.0046858224577226
poppy,0.958904109589041,1.0,1.0,1.0,1.0,4.9589041095890405,0.04109589041095951,2.217993934028394
portia,0.5150684931506849,1.0,1.0,1.0,0.5,4.015068493150685,0.984931506849315,1.8749121453114856
prince,0.958904109589041,1.0,1.0,1.0,1.0,4.9589041095890405,0.04109589041095951,2.217993934028394
puck,0.136986301369863,1.0,1.0,1.0,0.5,3.636986301369863,1.3630136986301369,1.8079726897171304
puddles,0.07671232876712329,1.0,1.0,1.0,1.0,4.076712328767123,0.9232876712328766,2.0014706546399514
pudge,0.7397260273972602,1.0,1.0,1.0,0.5,4.239726027397261,0.7602739726027394,1.9486391650608206
punchy,0.4054794520547945,1.0,1.0,1.0,0.5,3.9054794520547946,1.0945205479452054,1.8478131902437152
purrl,0.6684931506849315,1.0,1.0,0.5,0.5,3.6684931506849314,1.3315068493150686,1.7166487970789677
queenie,0.410958904109589,1.0,1.0,1.0,0.5,3.910958904109589,1.089041095890411,1.849023315393009
quillson,0.19726027397260273,1.0,1.0,0.5,1.0,3.697260273972603,1.3027397260273972,1.8135356670569638
raddle,0.7123287671232876,0.0,1.0,1.0,1.0,3.712328767123288,1.2876712328767121,1.8728086587986992
rasher,0.3835616438356164,1.0,0.0,0.5,0.0,1.8835616438356164,3.116438356164384,1.1819981110906566
raymond,0.6465753424657534,0.0,1.0,0.5,0.5,2.6465753424657534,2.3534246575342466,1.3849403140513696
renee,0.663013698630137,1.0,1.0,0.5,1.0,4.163013698630137,0.8369863013698629,1.9208298114542095
reneigh,0.7013698630136986,1.0,1.0,0.5,0.5,3.7013698630136984,1.2986301369863016,1.7297166486866726
rex,0.9753424657534246,0.0,1.0,1.0,0.5,3.4753424657534246,1.5246575342465754,1.789215729167942
rhonda,0.01643835616438356,1.0,1.0,1.0,0.5,3.5164383561643833,1.4835616438356167,1.802850581593879
ribbot,0.09315068493150686,1.0,1.0,1.0,0.5,3.5931506849315067,1.4068493150684933,1.8051806142608582
ricky,0.7397260273972602,1.0,0.0,0.5,0.5,2.73972602739726,2.26027397260274,1.430802081214915
rizzo,0.0547945205479452,1.0,0.0,0.5,0.5,2.0547945205479454,2.9452054794520546,1.2259699994217146
roald,0.12054794520547946,1.0,1.0,1.0,1.0,4.120547945205479,0.8794520547945206,2.0036296581687103
robin,0.2958904109589041,1.0,1.0,0.5,1.0,3.7958904109589042,1.2041095890410958,1.8268965858245587
rocco,0.8876712328767123,1.0,0.0,0.5,0.5,2.8876712328767122,2.1123287671232878,1.5126004818447145
rocket,0.42191780821917807,1.0,1.0,0.5,1.0,3.9219178082191783,1.0780821917808217,1.8514898425031867
rod,0.9095890410958904,1.0,1.0,0.5,0.5,3.9095890410958907,1.0904109589041093,1.8241031285762714
rodeo,0.4931506849315068,1.0,1.0,0.5,0.5,3.493150684931507,1.506849315068493,1.6562601239082024
rodney,0.4273972602739726,1.0,1.0,0.5,1.0,3.9273972602739726,1.0726027397260274,1.8527461828565988
rolf,0.8657534246575342,1.0,0.0,0.5,0.0,2.3657534246575342,2.6342465753424658,1.4140470262004192
rooney,0.31232876712328766,1.0,0.0,1.0,0.5,2.8123287671232875,2.1876712328767125,1.5321714195130887
rory,0.947945205479452,1.0,1.0,1.0,0.5,4.447945205479452,0.5520547945205481,2.0368112609153264
roscoe,0.7671232876712328,1.0,0.0,0.5,0.5,2.767123287671233,2.232876712328767,1.4451567868184827
rosie,0.16986301369863013,1.0,1.0,1.0,1.0,4.16986301369863,0.8301369863013699,2.0072003994177514
rowan,0.8438356164383561,1.0,1.0,1.0,1.0,4.843835616438357,0.1561643835616433,2.170727653937707
ruby,0.18082191780821918,0.0,1.0,1.0,1.0,3.180821917808219,1.819178082191781,1.7414639146304014
rudy,0.20821917808219179,1.0,1.0,1.0,1.0,4.208219178082192,0.7917808219178077,2.010809594695933
sally,0.7835616438356164,1.0,1.0,1.0,1.0,4.7835616438356166,0.21643835616438345,2.148015095312501
samson,0.8712328767123287,1.0,1.0,1.0,1.0,4.8712328767123285,0.12876712328767148,2.181523945654606
sandy,0.536986301369863,0.0,1.0,0.5,1.0,3.036986301369863,1.963013698630137,1.5932213555745747
savannah,0.010958904109589041,1.0,1.0,0.5,0.5,3.010958904109589,1.989041095890411,1.5811768078172925
scoot,0.7506849315068493,1.0,1.0,1.0,0.5,4.250684931506849,0.7493150684931509,1.9528256108499404
shari,0.4,1.0,1.0,1.0,1.0,4.4,0.5999999999999996,2.039607805437114
sheldon,0.1643835616438356,1.0,1.0,0.5,1.0,3.6643835616438354,1.3356164383561646,1.8102546658795586
shep,0.3506849315068493,1.0,1.0,0.5,0.5,3.350684931506849,1.6493150684931508,1.6195616447625463
sherb,0.049315068493150684,0.0,1.0,1.0,0.5,2.5493150684931507,2.4506849315068493,1.5008104397226467
simon,0.043835616438356165,1.0,1.0,1.0,1.0,4.043835616438356,0.956164383561644,2.000480332637272
skye,0.30684931506849317,1.0,1.0,1.0,0.5,3.8068493150684932,1.1931506849315068,1.8287035030747885
sly,0.4,1.0,1.0,0.5,1.0,3.9,1.1,1.8466185312619388
snake,0.4657534246575342,1.0,1.0,1.0,0.0,3.4657534246575343,1.5342465753424657,1.7935791737696503
snooty,0.5205479452054794,1.0,1.0,1.0,1.0,4.520547945205479,0.47945205479452113,2.0666325660982037
soleil,0.936986301369863,1.0,1.0,0.5,1.0,4.436986301369863,0.5630136986301366,2.031734069447765
sparro,0.3726027397260274,1.0,1.0,1.0,1.0,4.372602739726028,0.6273972602739724,2.0344121513723175
spike,0.7726027397260274,0.0,0.0,0.5,0.5,1.7726027397260276,3.2273972602739724,1.0473370963697235
spork,0.8,1.0,1.0,1.0,1.0,4.8,0.20000000000000018,2.154065922853802
sprinkle,0.13150684931506848,1.0,1.0,1.0,1.0,4.131506849315068,0.868493150684932,2.004318849738428
sprocket,0.31232876712328766,1.0,1.0,1.0,1.0,4.3123287671232875,0.6876712328767125,2.024240415260192
static,0.8931506849315068,1.0,0.0,0.5,0.5,2.893150684931507,2.106849315068493,1.5158225971378114
stella,0.39452054794520547,0.0,1.0,1.0,1.0,3.3945205479452056,1.6054794520547944,1.776413933392492
sterling,0.25753424657534246,1.0,1.0,1.0,0.5,3.7575342465753425,1.2424657534246575,1.821077672192795
stinky,0.8931506849315068,1.0,1.0,1.0,0.5,4.393150684931507,0.6068493150684926,2.011894168686221
stitches,0.07671232876712329,1.0,1.0,1.0,1.0,4.076712328767123,0.9232876712328766,2.0014706546399514
stu,0.4547945205479452,0.0,1.0,1.0,1.0,3.4547945205479453,1.5452054794520547,1.7907646567654933
sydney,0.7945205479452054,1.0,1.0,1.0,1.0,4.794520547945206,0.205479452054794,2.152036919085532
sylvana,0.5315068493150685,0.0,1.0,1.0,1.0,3.5315068493150683,1.4684931506849317,1.8117669637314924
sylvia,0.5260273972602739,1.0,1.0,1.0,1.0,4.526027397260274,0.4739726027397264,2.068019541171799
tabby,0.915068493150685,1.0,1.0,0.5,0.5,3.915068493150685,1.084931506849315,1.8268416316575078
tad,0.9698630136986301,1.0,1.0,1.0,1.0,4.96986301369863,0.030136986301370072,2.222753757243611
tammi,0.3561643835616438,1.0,1.0,1.0,1.0,4.356164383561644,0.6438356164383556,2.031465743771685
tammy,0.8054794520547945,1.0,1.0,0.5,1.0,4.3054794520547945,0.6945205479452055,1.9745371983537034
tangy,0.7726027397260274,1.0,1.0,1.0,1.0,4.772602739726027,0.2273972602739729,2.144041742464956
tank,0.5424657534246575,1.0,1.0,1.0,1.0,4.542465753424658,0.45753424657534225,2.072261830377277
tasha,0.3178082191780822,1.0,1.0,1.0,1.0,4.317808219178082,0.6821917808219178,2.025093100125805
tbone,0.6191780821917808,1.0,0.0,0.5,0.0,2.1191780821917807,2.8808219178082193,1.2780381439795496
teddy,0.673972602739726,1.0,1.0,1.0,1.0,4.673972602739726,0.3260273972602743,2.110506827575727
tex,0.6191780821917808,1.0,1.0,0.5,0.5,3.6191780821917807,1.3808219178082193,1.69805226582302
tia,0.3835616438356164,0.0,1.0,1.0,0.5,2.883561643835616,2.116438356164384,1.5482633931672867
tiffany,0.09863013698630137,1.0,1.0,0.5,0.5,3.0986301369863014,1.9013698630136986,1.5842120766873156
timbra,0.536986301369863,1.0,1.0,1.0,1.0,4.536986301369863,0.46301369863013697,2.0708342009583687
tipper,0.8493150684931506,1.0,1.0,1.0,1.0,4.8493150684931505,0.15068493150684947,2.1728635680984496
tom,0.26301369863013696,1.0,0.0,0.5,0.5,2.263013698630137,2.736986301369863,1.252667635754634
truffles,0.9972602739726028,1.0,1.0,1.0,1.0,4.997260273972603,0.00273972602739736,2.2348440782398917
tucker,0.7780821917808219,0.0,1.0,1.0,1.0,3.778082191780822,1.2219178082191782,1.8987922206409125
tutu,0.7342465753424657,1.0,1.0,1.0,1.0,4.734246575342466,0.26575342465753415,2.1305206014967655
twiggy,0.915068493150685,1.0,1.0,1.0,0.5,4.4150684931506845,0.5849315068493155,2.0217196509795974
tybalt,0.8821917808219178,1.0,1.0,1.0,0.5,4.382191780821918,0.617808219178082,2.0070531478139153
ursala,0.06027397260273973,1.0,1.0,1.0,1.0,4.06027397260274,0.9397260273972599,2.0009080318128856
velma,0.07123287671232877,1.0,1.0,1.0,1.0,4.071232876712329,0.9287671232876713,2.001268128643614
vesta,0.4328767123287671,1.0,1.0,1.0,1.0,4.432876712328767,0.5671232876712331,2.046309421391731
vic,0.1589041095890411,1.0,0.0,0.5,0.5,2.158904109589041,2.841095890410959,1.2350103303390971
victoria,0.9041095890410958,1.0,1.0,1.0,1.0,4.904109589041096,0.09589041095890405,2.194860849574765
violet,0.810958904109589,1.0,1.0,0.5,1.0,4.310958904109589,0.6890410958904107,1.9767787797714305
vivian,0.005479452054794521,1.0,1.0,1.0,1.0,4.005479452054795,0.9945205479452053,2.00000750608462
vladimir,0.9753424657534246,1.0,0.0,0.5,1.0,3.4753424657534246,1.5246575342465754,1.789215729167942
wade,0.4876712328767123,0.0,1.0,1.0,0.5,2.9876712328767123,2.0123287671232877,1.5772834974650223
walker,0.7342465753424657,1.0,1.0,1.0,1.0,4.734246575342466,0.26575342465753415,2.1305206014967655
walt,0.4767123287671233,1.0,0.0,0.0,0.5,1.9767123287671233,3.0232876712328767,1.2154236481155754
wartjr,0.8712328767123287,1.0,0.0,1.0,0.5,3.3712328767123285,1.6287671232876715,1.7346604063805802
weber,0.8438356164383561,0.0,1.0,0.5,0.0,2.3438356164383563,2.6561643835616437,1.4007350026218022
wendy,0.9041095890410958,1.0,1.0,0.5,1.0,4.404109589041096,0.595890410958904,2.0167831189783545
whitney,0.7232876712328767,1.0,1.0,0.5,0.5,3.723287671232877,1.2767123287671232,1.7387193722270073
willow,0.33972602739726027,1.0,1.0,1.0,1.0,4.33972602739726,0.6602739726027398,2.028648262684077
winnie,0.021917808219178082,1.0,1.0,0.5,1.0,3.521917808219178,1.478082191780822,1.8029088691104531
wolfgang,0.3452054794520548,1.0,0.0,0.5,0.5,2.345205479452055,2.654794520547945,1.2724648612216067
yuka,0.9534246575342465,1.0,1.0,0.5,1.0,4.453424657534247,0.5465753424657533,2.0393672002840235
zell,0.7178082191780822,1.0,1.0,0.5,1.0,4.217808219178082,0.7821917808219183,1.940424860570388
zucker,0.2191780821917808,0.0,1.0,1.0,0.5,2.719178082191781,2.280821917808219,1.5159284388496927
